{
  "generated": "2026-03-26T15:59:32.006320+00:00",
  "data": {
    "AAOI": {
      "pe": null,
      "fpe": 32.885067,
      "peg": null,
      "ps": 17.922472,
      "pb": 10.744942,
      "rev_yoy": 0.339,
      "rev_fwd": 0.949,
      "hist_avg_pe": null,
      "eps_ttm": -0.64,
      "eps_next_q": -0.04833,
      "eps_cur_y": 0.815,
      "eps_next_y": 3.1975
    },
    "AXTI": {
      "pe": null,
      "fpe": 134.94547,
      "peg": null,
      "ps": 39.62307,
      "pb": 12.504965,
      "rev_yoy": -0.082,
      "rev_fwd": 0.42229998,
      "hist_avg_pe": null,
      "eps_ttm": -0.49,
      "eps_next_q": -0.046,
      "eps_cur_y": 0.004,
      "eps_next_y": 0.46667
    },
    "STX": {
      "pe": 44.57975,
      "fpe": 19.866789,
      "peg": 0.6352,
      "ps": 8.777594,
      "pb": 187.30275,
      "rev_yoy": 0.215,
      "rev_fwd": 0.24219999,
      "hist_avg_pe": 56.59,
      "eps_ttm": 8.84,
      "eps_next_q": 3.47092,
      "eps_cur_y": 13.02309,
      "eps_next_y": 19.83637
    },
    "BTC-USD": {
      "pe": null,
      "fpe": null,
      "peg": null,
      "ps": null,
      "pb": null,
      "rev_yoy": null,
      "rev_fwd": null,
      "hist_avg_pe": null,
      "eps_ttm": null,
      "eps_next_q": null,
      "eps_cur_y": null,
      "eps_next_y": null
    },
    "NVDA": {
      "pe": 35.636734,
      "fpe": 15.708393,
      "peg": 0.7104,
      "ps": 19.654434,
      "pb": 26.980839,
      "rev_yoy": 0.732,
      "rev_fwd": 0.29930001,
      "hist_avg_pe": 78.96,
      "eps_ttm": 4.9,
      "eps_next_q": 1.77513,
      "eps_cur_y": 8.29457,
      "eps_next_y": 11.11635
    },
    "AMD": {
      "pe": 80.261536,
      "fpe": 19.420366,
      "peg": 0.5974,
      "ps": 9.822286,
      "pb": 5.3992233,
      "rev_yoy": 0.341,
      "rev_fwd": 0.4343,
      "hist_avg_pe": 189.26,
      "eps_ttm": 2.6,
      "eps_next_q": 1.27226,
      "eps_cur_y": 6.63741,
      "eps_next_y": 10.74542
    },
    "ASTS": {
      "pe": null,
      "fpe": 6647.334,
      "peg": null,
      "ps": 497.02133,
      "pb": 14.302433,
      "rev_yoy": 27.313,
      "rev_fwd": 3.3332999,
      "hist_avg_pe": null,
      "eps_ttm": -1.34,
      "eps_next_q": -0.20422,
      "eps_cur_y": -0.88708,
      "eps_next_y": 0.01388
    },
    "AVGO": {
      "pe": 61.387917,
      "fpe": 17.725454,
      "peg": 0.6773,
      "ps": 21.866991,
      "pb": 5.3177085,
      "rev_yoy": 0.164,
      "rev_fwd": 0.4857,
      "hist_avg_pe": 118.83,
      "eps_ttm": 5.13,
      "eps_next_q": 2.38838,
      "eps_cur_y": 11.32074,
      "eps_next_y": 17.76654
    },
    "COHR": {
      "pe": 250.64355,
      "fpe": 34.097904,
      "peg": null,
      "ps": 7.5402927,
      "pb": 5.556165,
      "rev_yoy": 0.175,
      "rev_fwd": 0.255,
      "hist_avg_pe": 389.5,
      "eps_ttm": 1.01,
      "eps_next_q": 1.38969,
      "eps_cur_y": 5.35134,
      "eps_next_y": 7.42421
    },
    "META": {
      "pe": 23.690212,
      "fpe": 15.516164,
      "peg": 0.9705,
      "ps": 7.007425,
      "pb": 6.4835153,
      "rev_yoy": 0.238,
      "rev_fwd": 0.17860001,
      "hist_avg_pe": 36.06,
      "eps_ttm": 23.5,
      "eps_next_q": 6.60589,
      "eps_cur_y": 30.23667,
      "eps_next_y": 35.88
    },
    "GOOGL": {
      "pe": 26.317007,
      "fpe": 21.215849,
      "peg": 2.2604,
      "ps": 8.549125,
      "pb": 8.288941,
      "rev_yoy": 0.18,
      "rev_fwd": 0.1508,
      "hist_avg_pe": 21.14,
      "eps_ttm": 10.82,
      "eps_next_q": 2.60377,
      "eps_cur_y": 11.57025,
      "eps_next_y": 13.42157
    },
    "LITE": {
      "pe": 212.77193,
      "fpe": 48.57268,
      "peg": null,
      "ps": 24.680008,
      "pb": 61.371338,
      "rev_yoy": 0.655,
      "rev_fwd": 0.65459996,
      "hist_avg_pe": 288.59,
      "eps_ttm": 3.42,
      "eps_next_q": 2.26655,
      "eps_cur_y": 7.68966,
      "eps_next_y": 14.98126
    },
    "MU": {
      "pe": 17.280529,
      "fpe": 3.719265,
      "peg": 0.2585,
      "ps": 7.1119094,
      "pb": 5.7057457,
      "rev_yoy": 1.963,
      "rev_fwd": 0.503,
      "hist_avg_pe": 40.36,
      "eps_ttm": 21.21,
      "eps_next_q": 18.94729,
      "eps_cur_y": 57.93528,
      "eps_next_y": 98.54635
    },
    "NBIS": {
      "pe": 912.3334,
      "fpe": -158.92464,
      "peg": null,
      "ps": 52.284447,
      "pb": 6.0044975,
      "rev_yoy": 5.008,
      "rev_fwd": 1.9438001,
      "hist_avg_pe": 84.6,
      "eps_ttm": 0.12,
      "eps_next_q": -0.605,
      "eps_cur_y": -2.36406,
      "eps_next_y": -0.68888
    },
    "ORCL": {
      "pe": 25.86973,
      "fpe": 18.042227,
      "peg": 0.9468,
      "ps": 6.4560533,
      "pb": 12.329478,
      "rev_yoy": 0.217,
      "rev_fwd": 0.31120002,
      "hist_avg_pe": 75.37,
      "eps_ttm": 5.56,
      "eps_next_q": 1.9631,
      "eps_cur_y": 7.4504,
      "eps_next_y": 7.97217
    },
    "PLTR": {
      "pe": 236.29688,
      "fpe": 80.98469,
      "peg": 2.9798,
      "ps": 80.81722,
      "pb": 48.957592,
      "rev_yoy": 0.7,
      "rev_fwd": 0.4317,
      "hist_avg_pe": 1234.09,
      "eps_ttm": 0.64,
      "eps_next_q": 0.2793,
      "eps_cur_y": 1.32208,
      "eps_next_y": 1.86739
    },
    "SNDK": {
      "pe": null,
      "fpe": 7.176969,
      "peg": null,
      "ps": 10.407612,
      "pb": 9.123712,
      "rev_yoy": 0.612,
      "rev_fwd": 0.72220004,
      "hist_avg_pe": 45.57,
      "eps_ttm": -7.46,
      "eps_next_q": 13.93056,
      "eps_cur_y": 40.26781,
      "eps_next_y": 87.72505
    },
    "TSLA": {
      "pe": 351.4722,
      "fpe": 135.06474,
      "peg": 5.0182,
      "ps": 15.020886,
      "pb": 17.33525,
      "rev_yoy": -0.031,
      "rev_fwd": 0.1685,
      "hist_avg_pe": 419.69,
      "eps_ttm": 1.08,
      "eps_next_q": 0.40162,
      "eps_cur_y": 2.08035,
      "eps_next_y": 2.81043
    },
    "TSM": {
      "pe": 32.31858,
      "fpe": 18.646263,
      "peg": 1.1722,
      "ps": 0.45590004,
      "pb": 51.196877,
      "rev_yoy": 0.205,
      "rev_fwd": 0.23979999,
      "hist_avg_pe": 1.59,
      "eps_ttm": 10.36,
      "eps_next_q": 3.29729,
      "eps_cur_y": 14.53815,
      "eps_next_y": 17.95644
    },
    "SOXX": {
      "pe": 41.16781,
      "fpe": null,
      "peg": null,
      "ps": null,
      "pb": 0.791715,
      "rev_yoy": null,
      "rev_fwd": null,
      "hist_avg_pe": null,
      "eps_ttm": null,
      "eps_next_q": null,
      "eps_cur_y": null,
      "eps_next_y": null
    },
    "WDC": {
      "pe": 26.797068,
      "fpe": 21.061598,
      "peg": 0.6896,
      "ps": 9.021917,
      "pb": 13.542672,
      "rev_yoy": null,
      "rev_fwd": 0.256,
      "hist_avg_pe": 31.2,
      "eps_ttm": 10.57,
      "eps_next_q": 2.35225,
      "eps_cur_y": 8.85487,
      "eps_next_y": 13.44841
    },
    "000660.KS": {
      "pe": null,
      "fpe": 4.052016,
      "peg": 2.16,
      "ps": 6.631156,
      "pb": null,
      "rev_yoy": 0.661,
      "rev_fwd": 0.1831,
      "hist_avg_pe": 16.06,
      "eps_ttm": null,
      "eps_next_q": 37804.465,
      "eps_cur_y": 198567.08,
      "eps_next_y": null
    },
    "005930.KS": {
      "pe": null,
      "fpe": 6.269238,
      "peg": 0.2245,
      "ps": 3.6095388,
      "pb": null,
      "rev_yoy": 0.238,
      "rev_fwd": 0.12189999,
      "hist_avg_pe": 31.97,
      "eps_ttm": null,
      "eps_next_q": 4816.631,
      "eps_cur_y": 24987.16,
      "eps_next_y": null
    }
  }
}