{
  "generated": "2026-03-26T09:06:07.457397+00:00",
  "data": {
    "AAOI": {
      "pe": null,
      "fpe": 35.78108,
      "peg": null,
      "ps": 19.50081,
      "pb": 11.691192,
      "rev_yoy": 0.339,
      "rev_fwd": 0.949,
      "hist_avg_pe": null,
      "eps_ttm": -0.64,
      "eps_next_q": -0.04833,
      "eps_cur_y": 0.815,
      "eps_next_y": 3.1975
    },
    "AXTI": {
      "pe": null,
      "fpe": 144.32039,
      "peg": null,
      "ps": 42.375763,
      "pb": 13.37371,
      "rev_yoy": -0.082,
      "rev_fwd": 0.42229998,
      "hist_avg_pe": null,
      "eps_ttm": -0.49,
      "eps_next_q": -0.046,
      "eps_cur_y": 0.004,
      "eps_next_y": 0.46667
    },
    "STX": {
      "pe": 46.744343,
      "fpe": 20.831432,
      "peg": 0.6352,
      "ps": 9.203794,
      "pb": 196.39732,
      "rev_yoy": 0.215,
      "rev_fwd": 0.24219999,
      "hist_avg_pe": 57.03,
      "eps_ttm": 8.84,
      "eps_next_q": 3.47092,
      "eps_cur_y": 13.02309,
      "eps_next_y": 19.83637
    },
    "BTC-USD": {
      "pe": null,
      "fpe": null,
      "peg": null,
      "ps": null,
      "pb": null,
      "rev_yoy": null,
      "rev_fwd": null,
      "hist_avg_pe": null,
      "eps_ttm": null,
      "eps_next_q": null,
      "eps_cur_y": null,
      "eps_next_y": null
    },
    "NVDA": {
      "pe": 36.465305,
      "fpe": 16.07362,
      "peg": 0.7104,
      "ps": 20.111408,
      "pb": 27.608156,
      "rev_yoy": 0.732,
      "rev_fwd": 0.29930001,
      "hist_avg_pe": 79.12,
      "eps_ttm": 4.9,
      "eps_next_q": 1.77513,
      "eps_cur_y": 8.29457,
      "eps_next_y": 11.11635
    },
    "AMD": {
      "pe": 84.71924,
      "fpe": 20.498966,
      "peg": 0.5974,
      "ps": 10.367811,
      "pb": 5.6990943,
      "rev_yoy": 0.341,
      "rev_fwd": 0.4343,
      "hist_avg_pe": 190.14,
      "eps_ttm": 2.6,
      "eps_next_q": 1.27226,
      "eps_cur_y": 6.63741,
      "eps_next_y": 10.74542
    },
    "ASTS": {
      "pe": null,
      "fpe": 6920.749,
      "peg": null,
      "ps": 517.4646,
      "pb": 14.890714,
      "rev_yoy": 27.313,
      "rev_fwd": 3.3332999,
      "hist_avg_pe": null,
      "eps_ttm": -1.34,
      "eps_next_q": -0.20422,
      "eps_cur_y": -0.88708,
      "eps_next_y": 0.01388
    },
    "AVGO": {
      "pe": 62.1462,
      "fpe": 17.944405,
      "peg": 0.6773,
      "ps": 22.1371,
      "pb": 5.3833942,
      "rev_yoy": 0.164,
      "rev_fwd": 0.4857,
      "hist_avg_pe": 119.2,
      "eps_ttm": 5.13,
      "eps_next_q": 2.38838,
      "eps_cur_y": 11.32074,
      "eps_next_y": 17.76654
    },
    "COHR": {
      "pe": 269.34656,
      "fpe": 36.642284,
      "peg": null,
      "ps": 8.102948,
      "pb": 5.970765,
      "rev_yoy": 0.175,
      "rev_fwd": 0.255,
      "hist_avg_pe": 391.92,
      "eps_ttm": 1.01,
      "eps_next_q": 1.38969,
      "eps_cur_y": 5.35134,
      "eps_next_y": 7.42421
    },
    "META": {
      "pe": 25.314468,
      "fpe": 16.579988,
      "peg": 0.9705,
      "ps": 7.4878697,
      "pb": 6.9280405,
      "rev_yoy": 0.238,
      "rev_fwd": 0.17860001,
      "hist_avg_pe": 36.34,
      "eps_ttm": 23.5,
      "eps_next_q": 6.60589,
      "eps_cur_y": 30.23667,
      "eps_next_y": 35.88
    },
    "GOOGL": {
      "pe": 26.88817,
      "fpe": 21.676302,
      "peg": 2.2604,
      "ps": 8.736508,
      "pb": 8.468838,
      "rev_yoy": 0.18,
      "rev_fwd": 0.1508,
      "hist_avg_pe": 21.19,
      "eps_ttm": 10.82,
      "eps_next_q": 2.60377,
      "eps_cur_y": 11.57025,
      "eps_next_y": 13.42157
    },
    "LITE": {
      "pe": 227.24268,
      "fpe": 51.87614,
      "peg": null,
      "ps": 26.358511,
      "pb": 65.54524,
      "rev_yoy": 0.655,
      "rev_fwd": 0.65459996,
      "hist_avg_pe": 293.25,
      "eps_ttm": 3.42,
      "eps_next_q": 2.26655,
      "eps_cur_y": 7.68966,
      "eps_next_y": 14.98126
    },
    "MU": {
      "pe": 18.014616,
      "fpe": 3.8772619,
      "peg": 0.2585,
      "ps": 7.414028,
      "pb": 5.9481297,
      "rev_yoy": 1.963,
      "rev_fwd": 0.503,
      "hist_avg_pe": 40.51,
      "eps_ttm": 21.21,
      "eps_next_q": 18.94729,
      "eps_cur_y": 57.93528,
      "eps_next_y": 98.54635
    },
    "NBIS": {
      "pe": 959.0833,
      "fpe": -167.06827,
      "peg": null,
      "ps": 54.963615,
      "pb": 6.312181,
      "rev_yoy": 5.008,
      "rev_fwd": 1.9438001,
      "hist_avg_pe": 85.77,
      "eps_ttm": 0.12,
      "eps_next_q": -0.605,
      "eps_cur_y": -2.36406,
      "eps_next_y": -0.68888
    },
    "ORCL": {
      "pe": 26.26259,
      "fpe": 18.316217,
      "peg": 0.9468,
      "ps": 6.5540957,
      "pb": 12.516715,
      "rev_yoy": 0.217,
      "rev_fwd": 0.31120002,
      "hist_avg_pe": 75.45,
      "eps_ttm": 5.56,
      "eps_next_q": 1.9631,
      "eps_cur_y": 7.4504,
      "eps_next_y": 7.97217
    },
    "PLTR": {
      "pe": 242.12502,
      "fpe": 82.98213,
      "peg": 2.9798,
      "ps": 82.81054,
      "pb": 50.165104,
      "rev_yoy": 0.7,
      "rev_fwd": 0.4317,
      "hist_avg_pe": 1235.14,
      "eps_ttm": 0.64,
      "eps_next_q": 0.2793,
      "eps_cur_y": 1.32208,
      "eps_next_y": 1.86739
    },
    "SNDK": {
      "pe": null,
      "fpe": 7.727097,
      "peg": null,
      "ps": 11.205375,
      "pb": 9.823061,
      "rev_yoy": 0.612,
      "rev_fwd": 0.72220004,
      "hist_avg_pe": 45.57,
      "eps_ttm": -7.46,
      "eps_next_q": 13.93056,
      "eps_cur_y": 40.26781,
      "eps_next_y": 87.72505
    },
    "TSLA": {
      "pe": 357.3611,
      "fpe": 137.32774,
      "peg": 5.0182,
      "ps": 15.27256,
      "pb": 17.625704,
      "rev_yoy": -0.031,
      "rev_fwd": 0.1685,
      "hist_avg_pe": 420.95,
      "eps_ttm": 1.08,
      "eps_next_q": 0.40162,
      "eps_cur_y": 2.08035,
      "eps_next_y": 2.81043
    },
    "TSM": {
      "pe": 33.566605,
      "fpe": 19.36631,
      "peg": 1.1722,
      "ps": 0.47350517,
      "pb": 53.17391,
      "rev_yoy": 0.205,
      "rev_fwd": 0.23979999,
      "hist_avg_pe": 1.6,
      "eps_ttm": 10.36,
      "eps_next_q": 3.29729,
      "eps_cur_y": 14.53815,
      "eps_next_y": 17.95644
    },
    "SOXX": {
      "pe": 42.331383,
      "fpe": null,
      "peg": null,
      "ps": null,
      "pb": 0.8140922,
      "rev_yoy": null,
      "rev_fwd": null,
      "hist_avg_pe": null,
      "eps_ttm": null,
      "eps_next_q": null,
      "eps_cur_y": null,
      "eps_next_y": null
    },
    "WDC": {
      "pe": 28.01703,
      "fpe": 22.020449,
      "peg": 0.6896,
      "ps": 9.43265,
      "pb": 14.159216,
      "rev_yoy": null,
      "rev_fwd": 0.256,
      "hist_avg_pe": 31.43,
      "eps_ttm": 10.57,
      "eps_next_q": 2.35225,
      "eps_cur_y": 8.85487,
      "eps_next_y": 13.44841
    },
    "000660.KS": {
      "pe": null,
      "fpe": 4.052016,
      "peg": 2.16,
      "ps": 6.631156,
      "pb": null,
      "rev_yoy": 0.661,
      "rev_fwd": 0.1831,
      "hist_avg_pe": 16.06,
      "eps_ttm": null,
      "eps_next_q": 37804.465,
      "eps_cur_y": 198567.08,
      "eps_next_y": null
    },
    "005930.KS": {
      "pe": null,
      "fpe": 6.269238,
      "peg": 0.2245,
      "ps": 3.6095388,
      "pb": null,
      "rev_yoy": 0.238,
      "rev_fwd": 0.12189999,
      "hist_avg_pe": 31.97,
      "eps_ttm": null,
      "eps_next_q": 4816.631,
      "eps_cur_y": 24987.16,
      "eps_next_y": null
    }
  }
}