{
  "generated": "2026-03-26T20:00:57.762856+00:00",
  "data": {
    "AAOI": {
      "pe": null,
      "fpe": 30.467552,
      "peg": null,
      "ps": 16.60492,
      "pb": 9.955037,
      "rev_yoy": 0.339,
      "rev_fwd": 0.949,
      "hist_avg_pe": null,
      "eps_ttm": -0.64,
      "eps_next_q": -0.04833,
      "eps_cur_y": 0.815,
      "eps_next_y": 3.1975
    },
    "AXTI": {
      "pe": null,
      "fpe": 125.37767,
      "peg": null,
      "ps": 36.813747,
      "pb": 11.618348,
      "rev_yoy": -0.082,
      "rev_fwd": 0.42229998,
      "hist_avg_pe": null,
      "eps_ttm": -0.49,
      "eps_next_q": -0.046,
      "eps_cur_y": 0.004,
      "eps_next_y": 0.46667
    },
    "STX": {
      "pe": 42.84955,
      "fpe": 19.095732,
      "peg": 0.6383,
      "ps": 8.436923,
      "pb": 180.03326,
      "rev_yoy": 0.215,
      "rev_fwd": 0.24219999,
      "hist_avg_pe": 56.16,
      "eps_ttm": 8.84,
      "eps_next_q": 3.47092,
      "eps_cur_y": 13.02309,
      "eps_next_y": 19.83637
    },
    "BTC-USD": {
      "pe": null,
      "fpe": null,
      "peg": null,
      "ps": null,
      "pb": null,
      "rev_yoy": null,
      "rev_fwd": null,
      "hist_avg_pe": null,
      "eps_ttm": null,
      "eps_next_q": null,
      "eps_cur_y": null,
      "eps_next_y": null
    },
    "NVDA": {
      "pe": 34.946938,
      "fpe": 15.404337,
      "peg": 0.735,
      "ps": 19.273996,
      "pb": 26.458591,
      "rev_yoy": 0.732,
      "rev_fwd": 0.29930001,
      "hist_avg_pe": 78.82,
      "eps_ttm": 4.9,
      "eps_next_q": 1.77513,
      "eps_cur_y": 8.29457,
      "eps_next_y": 11.11635
    },
    "AMD": {
      "pe": 78.373085,
      "fpe": 18.963428,
      "peg": 0.6536,
      "ps": 9.591178,
      "pb": 5.2721863,
      "rev_yoy": 0.341,
      "rev_fwd": 0.4343,
      "hist_avg_pe": 188.9,
      "eps_ttm": 2.6,
      "eps_next_q": 1.27226,
      "eps_cur_y": 6.63741,
      "eps_next_y": 10.74542
    },
    "ASTS": {
      "pe": null,
      "fpe": 6329.971,
      "peg": null,
      "ps": 473.2921,
      "pb": 13.619594,
      "rev_yoy": 27.313,
      "rev_fwd": 3.3332999,
      "hist_avg_pe": null,
      "eps_ttm": -1.34,
      "eps_next_q": -0.20422,
      "eps_cur_y": -0.88708,
      "eps_next_y": 0.01388
    },
    "AVGO": {
      "pe": 60.314816,
      "fpe": 17.415602,
      "peg": 0.6936,
      "ps": 21.484743,
      "pb": 5.2247515,
      "rev_yoy": 0.164,
      "rev_fwd": 0.4857,
      "hist_avg_pe": 118.62,
      "eps_ttm": 5.13,
      "eps_next_q": 2.38838,
      "eps_cur_y": 11.32074,
      "eps_next_y": 17.76654
    },
    "COHR": {
      "pe": 240.9901,
      "fpe": 32.784634,
      "peg": null,
      "ps": 7.2498803,
      "pb": 5.3421707,
      "rev_yoy": 0.175,
      "rev_fwd": 0.255,
      "hist_avg_pe": 388.26,
      "eps_ttm": 1.01,
      "eps_next_q": 1.38969,
      "eps_cur_y": 5.35134,
      "eps_next_y": 7.42421
    },
    "META": {
      "pe": 23.30851,
      "fpe": 15.266165,
      "peg": 0.9725,
      "ps": 6.8945193,
      "pb": 6.3790517,
      "rev_yoy": 0.238,
      "rev_fwd": 0.17889999,
      "hist_avg_pe": 36.0,
      "eps_ttm": 23.5,
      "eps_next_q": 6.60589,
      "eps_cur_y": 30.23667,
      "eps_next_y": 35.88
    },
    "GOOGL": {
      "pe": 25.963034,
      "fpe": 20.930489,
      "peg": 2.1829,
      "ps": 8.435913,
      "pb": 8.177452,
      "rev_yoy": 0.18,
      "rev_fwd": 0.1506,
      "hist_avg_pe": 21.11,
      "eps_ttm": 10.82,
      "eps_next_q": 2.60477,
      "eps_cur_y": 11.57025,
      "eps_next_y": 13.42157
    },
    "LITE": {
      "pe": 201.4035,
      "fpe": 45.97744,
      "peg": null,
      "ps": 23.361353,
      "pb": 58.092262,
      "rev_yoy": 0.655,
      "rev_fwd": 0.65459996,
      "hist_avg_pe": 284.9,
      "eps_ttm": 3.42,
      "eps_next_q": 2.26655,
      "eps_cur_y": 7.68966,
      "eps_next_y": 14.98126
    },
    "MU": {
      "pe": 16.76662,
      "fpe": 3.6086574,
      "peg": 0.2227,
      "ps": 6.9004073,
      "pb": 5.536062,
      "rev_yoy": 1.963,
      "rev_fwd": 0.503,
      "hist_avg_pe": 40.26,
      "eps_ttm": 21.21,
      "eps_next_q": 18.94729,
      "eps_cur_y": 57.93528,
      "eps_next_y": 98.54635
    },
    "NBIS": {
      "pe": 883.0834,
      "fpe": -153.8294,
      "peg": null,
      "ps": 50.60817,
      "pb": 5.8119893,
      "rev_yoy": 5.008,
      "rev_fwd": 1.9438001,
      "hist_avg_pe": 83.87,
      "eps_ttm": 0.12,
      "eps_next_q": -0.605,
      "eps_cur_y": -2.36406,
      "eps_next_y": -0.68888
    },
    "ORCL": {
      "pe": 25.681673,
      "fpe": 17.911072,
      "peg": 0.9236,
      "ps": 6.409122,
      "pb": 12.23985,
      "rev_yoy": 0.217,
      "rev_fwd": 0.31120002,
      "hist_avg_pe": 75.34,
      "eps_ttm": 5.56,
      "eps_next_q": 1.9631,
      "eps_cur_y": 7.4504,
      "eps_next_y": 7.97217
    },
    "PLTR": {
      "pe": 230.5625,
      "fpe": 79.01938,
      "peg": 3.0644,
      "ps": 78.85598,
      "pb": 47.769505,
      "rev_yoy": 0.7,
      "rev_fwd": 0.4317,
      "hist_avg_pe": 1233.05,
      "eps_ttm": 0.64,
      "eps_next_q": 0.2793,
      "eps_cur_y": 1.32208,
      "eps_next_y": 1.86739
    },
    "SNDK": {
      "pe": null,
      "fpe": 6.8756866,
      "peg": null,
      "ps": 9.970711,
      "pb": 8.740706,
      "rev_yoy": 0.612,
      "rev_fwd": 0.72220004,
      "hist_avg_pe": 45.57,
      "eps_ttm": -7.46,
      "eps_next_q": 13.93056,
      "eps_cur_y": 40.26781,
      "eps_next_y": 87.72505
    },
    "TSLA": {
      "pe": 344.54626,
      "fpe": 132.40321,
      "peg": 5.2636,
      "ps": 14.724892,
      "pb": 16.993652,
      "rev_yoy": -0.031,
      "rev_fwd": 0.1685,
      "hist_avg_pe": 418.22,
      "eps_ttm": 1.08,
      "eps_next_q": 0.40162,
      "eps_cur_y": 2.08035,
      "eps_next_y": 2.81043
    },
    "TSM": {
      "pe": 31.484556,
      "fpe": 18.16507,
      "peg": 1.2325,
      "ps": 0.44413495,
      "pb": 49.87567,
      "rev_yoy": 0.205,
      "rev_fwd": 0.23979999,
      "hist_avg_pe": 1.59,
      "eps_ttm": 10.36,
      "eps_next_q": 3.29729,
      "eps_cur_y": 14.53815,
      "eps_next_y": 17.95644
    },
    "SOXX": {
      "pe": 40.320568,
      "fpe": null,
      "peg": null,
      "ps": null,
      "pb": 0.7754214,
      "rev_yoy": null,
      "rev_fwd": null,
      "hist_avg_pe": null,
      "eps_ttm": null,
      "eps_next_q": null,
      "eps_cur_y": null,
      "eps_next_y": null
    },
    "WDC": {
      "pe": 25.860928,
      "fpe": 20.325823,
      "peg": 0.6968,
      "ps": 8.706743,
      "pb": 13.069567,
      "rev_yoy": null,
      "rev_fwd": 0.256,
      "hist_avg_pe": 31.02,
      "eps_ttm": 10.57,
      "eps_next_q": 2.35225,
      "eps_cur_y": 8.85487,
      "eps_next_y": 13.44841
    },
    "000660.KS": {
      "pe": null,
      "fpe": 4.052016,
      "peg": 2.16,
      "ps": 6.631156,
      "pb": null,
      "rev_yoy": 0.661,
      "rev_fwd": 0.1831,
      "hist_avg_pe": 16.06,
      "eps_ttm": null,
      "eps_next_q": 37804.465,
      "eps_cur_y": 198567.08,
      "eps_next_y": null
    },
    "005930.KS": {
      "pe": null,
      "fpe": 6.269238,
      "peg": 0.1821,
      "ps": 3.6095388,
      "pb": null,
      "rev_yoy": 0.238,
      "rev_fwd": 0.12189999,
      "hist_avg_pe": 31.97,
      "eps_ttm": null,
      "eps_next_q": 4816.631,
      "eps_cur_y": 24987.16,
      "eps_next_y": null
    }
  }
}